Song,URL
Are You Ready Disturbed,https://www.youtube.com/watch?v=55NJzOSuKuY
Without Me Project Vela,https://www.youtube.com/watch?v=1-7JL0AxkS8
Four Walls While She Sleeps,https://www.youtube.com/watch?v=T1IOW2rR0OY
Heroes Motörhead,https://www.youtube.com/watch?v=J06yQb4lbPk
Soul Decay Make Them Suffer,https://www.youtube.com/watch?v=Xr2ZfoABjws
The Happiness Machine Mark Deutrom,https://www.youtube.com/watch?v=wtDfQFs6o0M
Perennial Victoria,https://www.youtube.com/watch?v=67rHgA2JBR4
Switchback Celldweller,https://www.youtube.com/watch?v=y5yw3yMfP5E
Puritania Dimmu Borgir,https://www.youtube.com/watch?v=Zl9TlzGI6ts
Kilimanjaro Wig Wam,https://www.youtube.com/watch?v=ECjcWp-VoI4
Nothin' But A Good Time - Remastered 2006 Poison,https://www.youtube.com/watch?v=71Tzgyvjto0
Under My Skin Apate,https://www.youtube.com/watch?v=tnCO0hudaBE
Shesmovedon Porcupine Tree,https://www.youtube.com/watch?v=kuUV_R93Gv4
Gravity Skarlett Riot,https://www.youtube.com/watch?v=jdI9sAVAvfo
Switch Me On DK-Zero,https://www.youtube.com/watch?v=C6dR0FZaSuA
A Tout Le Monde - Remastered 2004 Megadeth,https://www.youtube.com/watch?v=n9QqkcDRYFw
Woven Warish,https://www.youtube.com/watch?v=d3qUrrqtUXU
Until It Sleeps Metallica,https://www.youtube.com/watch?v=eRV9uPr4Dz4
Erase Me Make Them Suffer,https://www.youtube.com/watch?v=TwZmtvD-Xgo
Planet Caravan Pantera,https://www.youtube.com/watch?v=kWChhdIgT6Q
Rock And Roll All Nite KISS,https://www.youtube.com/watch?v=EFMD7Usflbg
Descending Upon Hades Mendel,https://www.youtube.com/watch?v=NmrK41BCWf8
In the End Linkin Park,https://www.youtube.com/watch?v=eVTXPUF4Oz4
Born in Dissonance Meshuggah,https://www.youtube.com/watch?v=xtO3VCu5wv4
Trilogy Silent Planet,https://www.youtube.com/watch?v=928l9OH9DW4
Juno TesseracT,https://www.youtube.com/watch?v=UbQbAPvhs_8
"So High, So Low Mondo Generator",https://www.youtube.com/watch?v=UrdgKo9pM0k
Tempting Time Animals As Leaders,https://www.youtube.com/watch?v=-C5LcGNLppk
Happier Alone Austin Meade,https://www.youtube.com/watch?v=WqJstRfamhw
Looking Down the Barrel of Today Hatebreed,https://www.youtube.com/watch?v=eGOr91Wx4DM
Brittle Icon For Hire,https://www.youtube.com/watch?v=53Z31CvatAo
Harrison Fjord Haunted Shores,https://www.youtube.com/watch?v=d8ximhYV1sM
Pieces Battering Ram,https://www.youtube.com/watch?v=FMvguIwBw4M
Kill The Pain Orchards,https://www.youtube.com/watch?v=sTOUPe061cA
Descend to Purity Acârash,https://www.youtube.com/watch?v=x1pbdugDepo
Amongst The Boys And The Dead Flowers MOLYBARON,https://www.youtube.com/watch?v=aduTCGe0lao
Meet the Maker Once Awake,https://www.youtube.com/watch?v=GzS9kk0esrs
Fear of the Fallen Helloween,https://www.youtube.com/watch?v=P95N5j2i2yw
Nothing A,https://www.youtube.com/watch?v=e0r2Apn7OKA
T.N.T. AC/DC,https://www.youtube.com/watch?v=44XYEeD1A1U
Ulvsblakk Ulver,https://www.youtube.com/watch?v=97XFWOqU7X4
In the Name of Tragedy Motörhead,https://www.youtube.com/watch?v=VHWsjLRfeHI
Raven's Flight Mob Rules,https://www.youtube.com/watch?v=839HDYnJW00
Anti-Social Masochistic Rage [ASMR] Ghostemane,https://www.youtube.com/watch?v=QoVYVuTrbjk
Reprogram Hacktivist,https://www.youtube.com/watch?v=oRCTVtnodvg
Ghost Traceless,https://www.youtube.com/watch?v=eClx0JJajX4
White Rabbit Jyrki 69,https://www.youtube.com/watch?v=XpQtWfsWOpA
Perpetual Chaos Nervosa,https://www.youtube.com/watch?v=vFAUGJAfhh4
5x3 Upon A Burning Body,https://www.youtube.com/watch?v=ZUGJOSxbtOY
Panic Attack Dream Theater,https://www.youtube.com/watch?v=cs8rkoouPSU
Wires Red Fang,https://www.youtube.com/watch?v=WQPfQvLIseA
Freak On a Leash Korn,https://www.youtube.com/watch?v=jRGrNDV2mKc
Pitiful Blindside,https://www.youtube.com/watch?v=t-K2EdbnK6s
Agnus Dei Funeral Mist,https://www.youtube.com/watch?v=kxC0iQrIhcQ
More Than Dreaming Light The Torch,https://www.youtube.com/watch?v=7XI2wsm-f64
Into the Black Lords of Black,https://www.youtube.com/watch?v=bzywPFn7dK0
Screaming at Forgotten Tears Xasthur,https://www.youtube.com/watch?v=BIkNLwmpMV0
Night Crawler Judas Priest,https://www.youtube.com/watch?v=rp4VEV1fyjk
Viva La Victoria Eclipse,https://www.youtube.com/watch?v=M-EvFAx0OsE
Rise And Shine One Minute Silence,https://www.youtube.com/watch?v=acJH4I08jrQ
The Third of the Storms (Evoked Damnation) Hellhammer,https://www.youtube.com/watch?v=Eu3Aa1zZsiw
The Trooper - 2015 Remaster Iron Maiden,https://www.youtube.com/watch?v=X4bgXH3sJ2Q
Risset Kryn,https://www.youtube.com/watch?v=12GAPzuxZf4
The Sacrificial Flame Draconian,https://www.youtube.com/watch?v=EciomI3E1I4
Crow Killer Blues Rob Zombie,https://www.youtube.com/watch?v=awvd0AGpvuE
Fear Tomorrow Fit For An Autopsy,https://www.youtube.com/watch?v=Do4zhTsh8gk
Inceptus Arcana,https://www.youtube.com/watch?v=gZwryUgejDM
Moot We Are PIGS,https://www.youtube.com/watch?v=uuKlTbV3g0Q
Crack of Doom (feat. Troy Sanders) Kvelertak,https://www.youtube.com/watch?v=VTgGTLys078
ESCAPE Execution Day,https://www.youtube.com/watch?v=a0YFpvhZefc
Illuminate Dark Sarah,https://www.youtube.com/watch?v=__YfXaOcYrs
Heart Attack Toxik,https://www.youtube.com/watch?v=e-YHflzfNmM
Grim Sleep Bare King,https://www.youtube.com/watch?v=FqhVELeox_w
The Bottle Hermano,https://www.youtube.com/watch?v=EhBeAqWDbfc
American Nights - Almost Unplugged Bonfire,https://www.youtube.com/watch?v=dmsbQ0T0_Qc
Flower Isotopes,https://www.youtube.com/watch?v=Njg9PddPSZc
Snowblind System Of A Down,https://www.youtube.com/watch?v=noosm57F5HI
The Vengeful One Disturbed,https://www.youtube.com/watch?v=8nW-IPrzM1g
Hideaway Tomorrow Is Lost,https://www.youtube.com/watch?v=QYIcj8NTDTE
Rigel Thessa,https://www.youtube.com/watch?v=T4KVnAS7uG0
(If You Want the Smoke) Be the Fire MaidaVale,https://www.youtube.com/watch?v=IxKJbU03GS4
Broken Cross Architects,https://www.youtube.com/watch?v=V_kjf2J7Als
As I Am Dream Theater,https://www.youtube.com/watch?v=_Q9Ss5zZU4k
The Deed Is Done Swarm,https://www.youtube.com/watch?v=FKB0HBuO8f4
Keep the Sabbath Dream Alive The Workhorse Movement,https://www.youtube.com/watch?v=XDf1_lbMmxA
Translucidus (feat. Sithu Aye) I Built the Sky,https://www.youtube.com/watch?v=aHL9XjKJ9xw
Cloud Chamber Fallstar,https://www.youtube.com/watch?v=dFANYDAJ7FQ
Locust Machine Head,https://www.youtube.com/watch?v=jxjeqCd6Zm0
My Girlfriend's Girlfriend Type O Negative,https://www.youtube.com/watch?v=KgkBWZXVLyk
Breaking the Habit Skarlett Riot,https://www.youtube.com/watch?v=xhjhdJkrXDY
See You In Hell Ad Infinitum,https://www.youtube.com/watch?v=MLOAgZCZPfo
We Are the Dragon Cvlt Ov the Svn,https://www.youtube.com/watch?v=r-_zVIotOM4
STFU Annisokay,https://www.youtube.com/watch?v=ZlZ_f1KIGGE
Eraser pg.lost,https://www.youtube.com/watch?v=orFkLJ8oqqM
Sin Nuclear Assault,https://www.youtube.com/watch?v=PHN8LG66c1o
Hollow (Project Regeneration) Static-X,https://www.youtube.com/watch?v=c7zN-D5vg7c
Good Times Black Spiders,https://www.youtube.com/watch?v=N4bFZcB3p4g
The Motherload Mastodon,https://www.youtube.com/watch?v=jWFWazj7Ud8
Essence Drown in Sulphur,https://www.youtube.com/watch?v=RAWlqkhUm7U
"Remember Me Our Hollow, Our Home",https://www.youtube.com/watch?v=n28EgFzP5CU
Unmasking the Jesper Breath of Nibiru,https://www.youtube.com/watch?v=Cjj07JOdOHw
Therapy The Hunger,https://www.youtube.com/watch?v=P3vIwe5sCSo
West Coast Groove Einherjer,https://www.youtube.com/watch?v=4chvok7L2Jc
Oedipism Distant,https://www.youtube.com/watch?v=AxUCcFDt2IY
Curses I Am Haunted,https://www.youtube.com/watch?v=NIIjv8-9ZqQ
Lifelike Gravemind,https://www.youtube.com/watch?v=L_WfHdzQnsg
Is There Anybody out There? Machine Head,https://www.youtube.com/watch?v=-MocvCDP9Zk
Under Duress Converge,https://www.youtube.com/watch?v=rFmMswcPPzs
Them Bones Alice In Chains,https://www.youtube.com/watch?v=zTuD8k3JvxQ
Down in Black Mustasch,https://www.youtube.com/watch?v=0k_w4nYXlRE
Ritual Ghost,https://www.youtube.com/watch?v=0PakoE1eBps
Three Bridges Cult Of Luna,https://www.youtube.com/watch?v=wgN3OV6XtTY
Bother Stone Sour,https://www.youtube.com/watch?v=Q-pXD0FXLQ8
Moth HELLYEAH,https://www.youtube.com/watch?v=zIWeIChes5k
Jet City Woman - Remastered 2003 Queensrÿche,https://www.youtube.com/watch?v=rmiy9aMcbB4
Heir to the Serpent The Guild,https://www.youtube.com/watch?v=AJuSVneBRHg
Smile and Watch It Burn IRE,https://www.youtube.com/watch?v=YblyyEZ6dk4
Monsters Dream State,https://www.youtube.com/watch?v=ODOg35hof5w
Old Machine Head,https://www.youtube.com/watch?v=r2dY8Vv_TFY
In League Bile,https://www.youtube.com/watch?v=rAswAi6yQDI
Empire of Oppression Syberia,https://www.youtube.com/watch?v=2fS5J5xyXmY
Metal On Metal Anvil,https://www.youtube.com/watch?v=1qSEwYaSlWk
Hyvästi Kaunis Kuolematon,https://www.youtube.com/watch?v=PlbKcfVcsdQ
Tiki Die Apokalyptischen Reiter,https://www.youtube.com/watch?v=5cmAS7U75GE
Moneytalks AC/DC,https://www.youtube.com/watch?v=2lqdErI9uss
Battery Kill The Lights,https://www.youtube.com/watch?v=r5yMudBRjm8
Falling Apart Hollow Front,https://www.youtube.com/watch?v=64cD53Q_wJI
All Our Thoughts Kadavar,https://www.youtube.com/watch?v=8Gb-Pm7SYRY
Brace for Impact Flotsam & Jetsam,https://www.youtube.com/watch?v=BSG9CLAH5Wc
Hiroshima (feat. Keisuke Numata) Daze of June,https://www.youtube.com/watch?v=ctor4Z53DEk
Burn It Down Afterlife,https://www.youtube.com/watch?v=VASBwFZ2lko
Heart of the Hurricane Beyond The Black,https://www.youtube.com/watch?v=dIUtob1EdcY
My World Emigrate,https://www.youtube.com/watch?v=hhyQaN95_KI
Snot Snot,https://www.youtube.com/watch?v=5nFCl-5PqUc
Bottom of a Bottle Butcher Babies,https://www.youtube.com/watch?v=ZB2qNlv9r6Q
Vice Grip Parkway Drive,https://www.youtube.com/watch?v=5ItHNdrPEh0
Windowpane Opeth,https://www.youtube.com/watch?v=bSpqLqC7U6g
Die MF Die Dope,https://www.youtube.com/watch?v=JC9jhtuscZ4
Pull Away/So Many Times Lucifer,https://www.youtube.com/watch?v=P7OMvGoMTMQ
Aim Higher Lion's Share,https://www.youtube.com/watch?v=-P8YAKlk2qs
The Triumphal Chariot of Antimony Demon Head,https://www.youtube.com/watch?v=9BmHkPsN6uo
Punish the Punisher Tantara,https://www.youtube.com/watch?v=GwNMniR455U
Future Breed Machine Meshuggah,https://www.youtube.com/watch?v=PoHa48lqsqE
Down For Life Testament,https://www.youtube.com/watch?v=U_HWdUi2TbE
Névé Chronologist,https://www.youtube.com/watch?v=tyMtx3Mto8A
We Are One KISS,https://www.youtube.com/watch?v=HIOnDL_NsuU
Westworld August Burns Red,https://www.youtube.com/watch?v=j3MHyRaC6uY
How About You Gifted Gambler,https://www.youtube.com/watch?v=-lqsGyETpcw
Hootsforce Gloryhammer,https://www.youtube.com/watch?v=BkUAzcja74Y
The Burden of Belief Times Of Grace,https://www.youtube.com/watch?v=Gf80PTa2FFM
Let It Burn Junkyard Drive,https://www.youtube.com/watch?v=jZO-yXYn5Kk
Mercy Ayron Jones,https://www.youtube.com/watch?v=wB593WIQ674
Rebel Yell Dope,https://www.youtube.com/watch?v=kQV8CA5eA3E
Deadringer Knocked Loose,https://www.youtube.com/watch?v=Ugobr5fVuoE
War Eternal Arch Enemy,https://www.youtube.com/watch?v=InRMwptcgAo
Cross fire Nomy,https://www.youtube.com/watch?v=Zs786XRtAQo
Fault Lines Takatak,https://www.youtube.com/watch?v=RdQDmpKDp-E
Desert Dreams Falconer,https://www.youtube.com/watch?v=b01B0REu2nU
Fake VEXED,https://www.youtube.com/watch?v=9OesCHp6l3o
Demon Cleaner Kyuss,https://www.youtube.com/watch?v=B7Ske2eKX2g
Redneck Stomp Obituary,https://www.youtube.com/watch?v=B8N8YffkZlw
Dante's Inspiration Cryptodira,https://www.youtube.com/watch?v=85pn7nWLPyY
All or Nothing (feat. Sonny Sandoval of P.O.D.) Ill Niño,https://www.youtube.com/watch?v=HMjpMnx1hmA
Perfect Man Buffalo Fuzz,https://www.youtube.com/watch?v=1_1xyDjYnX8
What Love Can Be Kingdom Come,https://www.youtube.com/watch?v=_zXvg8NejAw
Them Bones Thou,https://www.youtube.com/watch?v=Pk_DKGB0IRg
Whispers The Vintage Caravan,https://www.youtube.com/watch?v=QK6KSaG0mag
We Die Young Alice In Chains,https://www.youtube.com/watch?v=6JA25BIxgtk
River of Denial My Perfect End,https://www.youtube.com/watch?v=eKX6PEv4oYM
Fleur de lis The Raven Age,https://www.youtube.com/watch?v=FObNtI3WeNQ
Burning Bridges Delain,https://www.youtube.com/watch?v=OpJ1ma3I0Ag
Gasoline I Prevail,https://www.youtube.com/watch?v=6PvPErWXq6U
Mexican Radio Celtic Frost,https://www.youtube.com/watch?v=PIrI50wSAYs
What You Got Reveille,https://www.youtube.com/watch?v=e_9gYywmWDU
Silent Genocide Hatchet,https://www.youtube.com/watch?v=YT_fGWFJNLg
We Drift On The Crown,https://www.youtube.com/watch?v=NaheX0Uv4IE
Voices Oceans,https://www.youtube.com/watch?v=q22QO-XWEpw
Vanguards of the Dawn Wall Todd La Torre,https://www.youtube.com/watch?v=G4KZuLxtv74
Rock Your Body H.E.A.T,https://www.youtube.com/watch?v=VHmPyE3Wetg
Dark Love Empress Leaves' Eyes,https://www.youtube.com/watch?v=AMHRS-hUdv4
Summer Breeze Type O Negative,https://www.youtube.com/watch?v=R1R4jbnd10I
Call It Rock N' Roll Great White,https://www.youtube.com/watch?v=eRlmnCuUq5s
Love Me Forever Motörhead,https://www.youtube.com/watch?v=I7S0VKsopLw
World At War Dead Heat,https://www.youtube.com/watch?v=Iq7H0Itq1Sc
Here To Stay Korn,https://www.youtube.com/watch?v=pr3x7tS__dE
Along Came the Devil Primal Fear,https://www.youtube.com/watch?v=ReyDqJIxx5g
Left For Dead Volumes,https://www.youtube.com/watch?v=U4Ue3nXABuk
LIT Polyphia,https://www.youtube.com/watch?v=per9Wz0N-QA
Low Rider - War Cover Exodus,https://www.youtube.com/watch?v=K99t0tfrc_g
Save Me Damageplan,https://www.youtube.com/watch?v=NXlP1ds2l5c
I Am Alive Primal Fear,https://www.youtube.com/watch?v=7171SvM-Ouk
The Fight Song Marilyn Manson,https://www.youtube.com/watch?v=9GFI6Rf-IkI
Virtual Empire Icon of Sin,https://www.youtube.com/watch?v=u2vnrC_nsYo
Wolves At The Door Yngwie Malmsteen,https://www.youtube.com/watch?v=F74Tw99qfRg
Nigger Clawfinger,https://www.youtube.com/watch?v=AZLFeHdizxQ
Are You Dead Yet Children Of Bodom,https://www.youtube.com/watch?v=aNJXS9X0yY0
Rooster Booster Brain Police,https://www.youtube.com/watch?v=2Nr2ShGsPnY
Crucificial Lobotomy Devine Defilement,https://www.youtube.com/watch?v=6LOvLofh2aA
Bloody Rain Dust Bolt,https://www.youtube.com/watch?v=AuNc1q83K4I
Unspoken Kylesa,https://www.youtube.com/watch?v=VlbC-hk25Aw
At the Seams Zeal & Ardor,https://www.youtube.com/watch?v=FisNa2oyXtI
No Remorse Diamond Head,https://www.youtube.com/watch?v=NNUxAWjRkNo
Cryin' Aerosmith,https://www.youtube.com/watch?v=qfNmyxV2Ncw
We Stand Alone Angelus Apatrida,https://www.youtube.com/watch?v=oQhPQ7KYBXw
Acid Roulette Scorpion Child,https://www.youtube.com/watch?v=XI4jAw-un7k
Cult Evile,https://www.youtube.com/watch?v=s0P2Gr5Ucfk
Paratyphoid Fever Tides From Nebula,https://www.youtube.com/watch?v=Erjda6Nzw_o
The Quartz Grave V3ctors,https://www.youtube.com/watch?v=kCjcONwMgt0
Animals Villain of the Story,https://www.youtube.com/watch?v=fSWaqa4QTt8
Verloren Strijd Maudits,https://www.youtube.com/watch?v=MdeZYPqzonI
Armed To The Teeth Annihilator,https://www.youtube.com/watch?v=vrG4n8aZWIU
Dragula Rob Zombie,https://www.youtube.com/watch?v=EqQuihD0hoI
Glass Heart Caskets,https://www.youtube.com/watch?v=Ao4fiI9lJxk
Baba Yaga Slaughter to Prevail,https://www.youtube.com/watch?v=Niaw3Ez0YLU
"Better Daze Our Hollow, Our Home",https://www.youtube.com/watch?v=H7YqnYdPqJI
Half Full Glass Of Wine Tame Impala,https://www.youtube.com/watch?v=zfcHq0hhFWg
Breakdown The Dust Coda,https://www.youtube.com/watch?v=nwAIsdHwZ60
Strike Fast Strike Hard Onslaught,https://www.youtube.com/watch?v=z_dvnUD9ZeY
Poison Alice Cooper,https://www.youtube.com/watch?v=Qq4j1LtCdww
A Violent Reaction American Head Charge,https://www.youtube.com/watch?v=QFSWbkrAwwM
Gypsy Disco Emmure,https://www.youtube.com/watch?v=X0jMS2On1TY
Altar of Snakes Great American Ghost,https://www.youtube.com/watch?v=hXc2VdIfsHg
Archangel Amaranthe,https://www.youtube.com/watch?v=5fExpycwIrU
Make It Out Alive SWARM,https://www.youtube.com/watch?v=rcy8kxiM-iI
Fear Inoculum TOOL,https://www.youtube.com/watch?v=q7DfQMPmJRI
Virdem MASTER BOOT RECORD,https://www.youtube.com/watch?v=owrSlbD4spE
Evil Mercyful Fate,https://www.youtube.com/watch?v=ZWqBm28ZKeE
Augen auf! OOMPH!,https://www.youtube.com/watch?v=fuLPJg2gwjQ
Last One Standing Icon For Hire,https://www.youtube.com/watch?v=OJfieRTqXQo
Blood On Your Hands Lost Society,https://www.youtube.com/watch?v=gs0eJ-8k48U
I Wanna Rock Twisted Sister,https://www.youtube.com/watch?v=SRwrg0db_zY
Nowhere Haven Hanging Garden,https://www.youtube.com/watch?v=JCKl1TthprE
No Place for Disgrace Flotsam & Jetsam,https://www.youtube.com/watch?v=awy9_08Pj_8
Vote with a Bullet Corrosion Of Conformity,https://www.youtube.com/watch?v=R2I2mK_3_ns
Time Anthrax,https://www.youtube.com/watch?v=be7iNHw8QoQ
Real Ronnie Atkins,https://www.youtube.com/watch?v=Q3oIp7dQx9k
Bleed Like You - Merzbow Version Mortiis,https://www.youtube.com/watch?v=sZ_ZaEvA3kc
The Eye of Ra Etherius,https://www.youtube.com/watch?v=vIqqjacwK44
Raw Freak Kitchen,https://www.youtube.com/watch?v=VW7NigvZY98
Deconstruction Witchcraft,https://www.youtube.com/watch?v=HRCz3srlsmQ
The Elm Suldusk,https://www.youtube.com/watch?v=OqiyvpATii4
LOUD (feat. Jason Aalon from FEVER 333) Sullivan King,https://www.youtube.com/watch?v=m8Ky40ykg4c
Aeon Defamed,https://www.youtube.com/watch?v=3aPlnulW_SQ
Born to Roam Phil Campbell and the Bastard Sons,https://www.youtube.com/watch?v=jprIokB6Xrc
The Shovel and the Cross White Void,https://www.youtube.com/watch?v=BmaArqp5dow
Prey Votum,https://www.youtube.com/watch?v=ZAOZFQc8CpI
Beyond the Realms of Death Judas Priest,https://www.youtube.com/watch?v=4ewrSgDf50I
Good People Mugshot,https://www.youtube.com/watch?v=Yi8RDFW1ges
Rattle Snake Vengeance,https://www.youtube.com/watch?v=7AlsrEl2Swg
In the Air Tonight Nonpoint,https://www.youtube.com/watch?v=OoGg9bIyDPY
Entertain You Within Temptation,https://www.youtube.com/watch?v=a7-8hK2f_So
Find My Way Mason Hill,https://www.youtube.com/watch?v=iLEGwMWHWgg
Temple Of Circadia John Petrucci,https://www.youtube.com/watch?v=LuFFpHgbo5k
Bringin' On The Heartbreak Def Leppard,https://www.youtube.com/watch?v=f_X5A-BYjO8
Edgecrusher Fear Factory,https://www.youtube.com/watch?v=KpR6S38djFM
Manifesting Obscenity - Redux Ingested,https://www.youtube.com/watch?v=jaxusFR9a9I
Under A Funeral Moon Darkthrone,https://www.youtube.com/watch?v=OvaZWnJL7xI
Creatures from the Mud Shokran,https://www.youtube.com/watch?v=EO18nR1pWOw
WDYT Contracult Collective,https://www.youtube.com/watch?v=J8N6qyDIEOM
Spice Dealer Merrow,https://www.youtube.com/watch?v=kJVoYloaAzw
Coffinized The Absence,https://www.youtube.com/watch?v=urazX0XlLBU
Dusk of Anguish Distant,https://www.youtube.com/watch?v=0j1LRLghWRY
You Can't Bring Me Down Suicidal Tendencies,https://www.youtube.com/watch?v=nxcJW6bs5os
Moths Darkher,https://www.youtube.com/watch?v=gn4qMLYnRS0
Unsainted Slipknot,https://www.youtube.com/watch?v=VpATBBRajP8
Dead by Dawn Vektor,https://www.youtube.com/watch?v=Xm5BVKMPX-M
Jagdzeit Megaherz,https://www.youtube.com/watch?v=kGXTT7s01pw
Early Grave Architects,https://www.youtube.com/watch?v=LgZWEAhj3Uo
Killer Of Killers Zig Zags,https://www.youtube.com/watch?v=3Rw4BO5Me2Y
In the Shadow of the Horns Darkthrone,https://www.youtube.com/watch?v=kAajs4oMbpg
Dying Season - Remastered Heathen,https://www.youtube.com/watch?v=wVxGAVtLGBE
The Doomed A Perfect Circle,https://www.youtube.com/watch?v=SDvfbvuJtS8
Unforgiving Land Full House Brew Crew,https://www.youtube.com/watch?v=GkCWfmcOmdM
Salomon's Gate Beherit,https://www.youtube.com/watch?v=DVfmaa8OjRo
Terrorist Novelists FR,https://www.youtube.com/watch?v=GRWvhrD-jLw
Thrasher Evile,https://www.youtube.com/watch?v=924bRfmiJ20
The Wicker Man - 2015 Remaster Iron Maiden,https://www.youtube.com/watch?v=GD_G-7_A35Y
Avatar Unprocessed,https://www.youtube.com/watch?v=UtiuUvjBsAs
Annihilation of Civilization Evildead,https://www.youtube.com/watch?v=UsfOCCi-5zQ
Void (Single Edit) Irving Force,https://www.youtube.com/watch?v=ug4us5oI0OI
Ring of Gold Bathory,https://www.youtube.com/watch?v=efo9NQrMS7A
Et blekt lys lyder Spurv,https://www.youtube.com/watch?v=1G2RbPoFFOU
Vittring Humanity's Last Breath,https://www.youtube.com/watch?v=rxH20cJNYgE
The Vertigo Soul Sarcoptes,https://www.youtube.com/watch?v=SqFGddn_9Jw
An Infinite Regression Animals As Leaders,https://www.youtube.com/watch?v=n7vmMuTOpyk
Let the Devil In Green Lung,https://www.youtube.com/watch?v=2lBYRgZOdAU
We Lie Awake Underwing,https://www.youtube.com/watch?v=rQa17YVkf-4
Thoughts Without Words Shadows Fall,https://www.youtube.com/watch?v=fAYbRHCFOEo
Bleed Soulfly,https://www.youtube.com/watch?v=5uYv5Y8HZnk
Save Yourself Stabbing Westward,https://www.youtube.com/watch?v=5NZsCYOM4j0
Heartbeat Failing Dead by April,https://www.youtube.com/watch?v=w1JpxIeGwak
Slow Professional Murder Music,https://www.youtube.com/watch?v=DiKhT1TgpwA
Antagonist Soen,https://www.youtube.com/watch?v=oKUuA1MnCs4
Self Destructor Chevelle,https://www.youtube.com/watch?v=QhPn5EPGN4c
Seek & Destroy Metallica,https://www.youtube.com/watch?v=Wm58sGEdgAw
Deafening Solence,https://www.youtube.com/watch?v=8eMrsYovpDs
Swerve City Deftones,https://www.youtube.com/watch?v=gvyHNyWfQRQ
Nordavindens Klagesang Vàli,https://www.youtube.com/watch?v=40-wmbE53yI
Vivid SikTh,https://www.youtube.com/watch?v=FsRU1RagE1A
New Millennium Cyanide Christ Meshuggah,https://www.youtube.com/watch?v=4A_tSyJBsRQ
Constance Spiritbox,https://www.youtube.com/watch?v=mY_oDyqRM1A
The Lovers Ten Thousand Crows,https://www.youtube.com/watch?v=Lf3Y9g6anmA
Boom P.O.D.,https://www.youtube.com/watch?v=lYHA_7vxrgc
Rust In Peace...Polaris - Remastered 2004 Megadeth,https://www.youtube.com/watch?v=y3NMhe6mWO8
Save the Best Black Paisley,https://www.youtube.com/watch?v=WEABJiAXTQM
The Modern Rage Kadinja,https://www.youtube.com/watch?v=P-nKk3hT2NQ
Hooligan's Holiday Mötley Crüe,https://www.youtube.com/watch?v=6FU0z52y6R4
Unbroken (Hotel Baby) Monster Magnet,https://www.youtube.com/watch?v=Va4h_p9YAhc
Replica Fear Factory,https://www.youtube.com/watch?v=7RJsRQOneMY
"The Violent Sound Time, The Valuator",https://www.youtube.com/watch?v=CN9QYbks6Sg
PRESIDENT X 3TEETH,https://www.youtube.com/watch?v=eRbKg_5UhlA
Fastidious Imitation Depths of Hatred,https://www.youtube.com/watch?v=kHKs4bDIlUE
It Remembers Every Time I Die,https://www.youtube.com/watch?v=FrogoSmiAqU
Gungrave ERRA,https://www.youtube.com/watch?v=ntDOA0jAkkA
Living for the Lockdown Gama Bomb,https://www.youtube.com/watch?v=N7SeDCcxJbw
Njord Brothers of Metal,https://www.youtube.com/watch?v=hPvh6UgJtRw
Stålfågel Soilwork,https://www.youtube.com/watch?v=8-kcWrCX9rA
Alone Against Flames Realize,https://www.youtube.com/watch?v=NJTanhBaFHA
Desolate July Sons Of Apollo,https://www.youtube.com/watch?v=TARWOs8h7Hw
Short Stories With Tragic Endings From Autumn To Ashes,https://www.youtube.com/watch?v=va9HxF86KHY
Thunder & Lightning Motörhead,https://www.youtube.com/watch?v=eI90KW_5Vso
Parsonz Curse Royal Thunder,https://www.youtube.com/watch?v=PK8v8QwEE8w
Looks That Kill Static-X,https://www.youtube.com/watch?v=qD9ieis_qps
Loke Enslaved,https://www.youtube.com/watch?v=21Xetqg5x3Y
Deadly Diminuendo Blackbriar,https://www.youtube.com/watch?v=G6YFa05L2A8
Psychotzar Motorpsycho,https://www.youtube.com/watch?v=nEGbXRgKPbA
Devil At Your Heels Plainride,https://www.youtube.com/watch?v=buguflemXRA
The End of All We Know Bleed From Within,https://www.youtube.com/watch?v=mrtizXF1dpM
Dark Mirror Black Sun,https://www.youtube.com/watch?v=1wb0JoFm94Y
The Passage Lunatic Soul,https://www.youtube.com/watch?v=fOHhkOa7A7U
Poor Millionaire August Burns Red,https://www.youtube.com/watch?v=e2WBj_B15VQ
Under Different Welkins Novelists,https://www.youtube.com/watch?v=kq4EBL_aEpY
Antisocial Patient Sixty-Seven,https://www.youtube.com/watch?v=KiM8AaWs9S8
Conspiranoia Gaerea,https://www.youtube.com/watch?v=vQLLEqazToY
Day and Age - Edit Frost*,https://www.youtube.com/watch?v=RmiAmW3sgHs
Young Bloods Port Noir,https://www.youtube.com/watch?v=57iP20jBEh8
My Own Summer (Shove It) Deftones,https://www.youtube.com/watch?v=XOzs1FehYOA
Voyage Voyage Sirenia,https://www.youtube.com/watch?v=XVFRnepLO4Q
The Suffering Moments,https://www.youtube.com/watch?v=HUzrdGm_cKc
Motorbreath (Remastered) Metallica,https://www.youtube.com/watch?v=2a8BmdcJB5E
Marigold Periphery,https://www.youtube.com/watch?v=rmtU2WJfPgU
Ugly Fucker SCARLET,https://www.youtube.com/watch?v=DNfd4V4L7X0
The Sound of Silence Disturbed,https://www.youtube.com/watch?v=u9Dg-g7t2l4
Digital Waste Rendezvous Point,https://www.youtube.com/watch?v=hz8dUKis_4s
En Route To Mayhem Apocalyptica,https://www.youtube.com/watch?v=MEcGDwWYyj4
Sickening Pretty Maids,https://www.youtube.com/watch?v=LjEOC9ueNg0
Trojan Another Now,https://www.youtube.com/watch?v=4_5hzDaNAIw
The Skeleton Key Epica,https://www.youtube.com/watch?v=kWZmpZTDtkU
War Within Me Blaze Bayley,https://www.youtube.com/watch?v=lBLs8br5CGs
Prototype Unprocessed,https://www.youtube.com/watch?v=b1UAbYwG9nA
Hel HAVAMAL,https://www.youtube.com/watch?v=0zJ9InTWRwo
Can You Feel My Heart Bring Me The Horizon,https://www.youtube.com/watch?v=QJJYpsA5tv8
Awake Godsmack,https://www.youtube.com/watch?v=opU1urLhw50
Bombtrack Rage Against The Machine,https://www.youtube.com/watch?v=hVck6DkOi38
Paralyzer Finger Eleven,https://www.youtube.com/watch?v=BJk6gZuPKRE
Long Live Rock N Roll Rainbow,https://www.youtube.com/watch?v=YIltTc04bm4
Forkboy Lard,https://www.youtube.com/watch?v=9fPgZd-TR9E
Digital Suicide Monasteries,https://www.youtube.com/watch?v=t1Te7QUDv_k
Deep Anathema,https://www.youtube.com/watch?v=16Vm9yb3hZ8
Electric Crown Testament,https://www.youtube.com/watch?v=xemLN52jrUA
Themata Karnivool,https://www.youtube.com/watch?v=gB6n24ASc7w
Steh auf Lindemann,https://www.youtube.com/watch?v=hiOjK992bPU
The Hawthorn Cruachan,https://www.youtube.com/watch?v=y3VCWpULGNI
Eternal Seas Confusing Paradise,https://www.youtube.com/watch?v=bM2mYQKYpBE
Loss of Humanity EXA,https://www.youtube.com/watch?v=wH71_5jjIt0
weapon Against The Current,https://www.youtube.com/watch?v=W6FixoUyQQQ
Start the Fire Metal Church,https://www.youtube.com/watch?v=Ri6fs5X-398
Refuse / Resist Sepultura,https://www.youtube.com/watch?v=6ODNxy3YOPU
Illegal Dino Racing Super Slam Bros.,https://www.youtube.com/watch?v=chuXbNxHdPE
"Voir En Même Temps L'humour Et La Tragédie, En Toute Chose, À Chaque Instant WuW",https://www.youtube.com/watch?v=ZJREzE8mPFM
Swallowing the Rabbit Whole Code Orange,https://www.youtube.com/watch?v=Ctn14oYz0qA
Rising Fire Firewind,https://www.youtube.com/watch?v=3iEZGCcy31s
"Executioner's Tax (Swing of the Axe) [feat. David Sanchez, Guillermo Izquierdo, Juli Bazooka, Lenny Bruce, Andrew Hudson & Spyros Lafias] Ultra-Violence",https://www.youtube.com/watch?v=uG30WiQR57w
Fed Up Beartooth,https://www.youtube.com/watch?v=tyVq-YFijgs
House Of Broken Love Great White,https://www.youtube.com/watch?v=YYXHdFUAqK4
Heartless The Word Alive,https://www.youtube.com/watch?v=i1VBSi-y05A
Big Boys Don't Cry W.E.T.,https://www.youtube.com/watch?v=XSoFybZG0_I
Genius Pitchshifter,https://www.youtube.com/watch?v=sGcdcVblZ-8
Curtain Fire Enforced,https://www.youtube.com/watch?v=iZuAPqj90cc
"As Above, So Below In This Moment",https://www.youtube.com/watch?v=RZYzcPwQN-8
Desolate Specter Termina,https://www.youtube.com/watch?v=CLDwRk_ldk8
Ammobiærg King of Asgard,https://www.youtube.com/watch?v=IYpPywGmen0
Let It Go Def Leppard,https://www.youtube.com/watch?v=sHNBxd4LnDs
Forlorn Holehearted,https://www.youtube.com/watch?v=mFga2TiDImY
A Warrior's Call Volbeat,https://www.youtube.com/watch?v=rSmtHBMjXLU
Stomp the Haunted Crown Pomegranate Tiger,https://www.youtube.com/watch?v=6A1NJgVllo0
Modern Day Cowboy Tesla,https://www.youtube.com/watch?v=avAvkdYa3qM
Centurion King Buffalo,https://www.youtube.com/watch?v=YJ9_2P2J35I
Virtuous Tragedy Aram Zero,https://www.youtube.com/watch?v=yyXqrrk0Po0
Vertigo Sumo Cyco,https://www.youtube.com/watch?v=sT-pSKl8frY
Like No Other 2021 The Dead Daisies,https://www.youtube.com/watch?v=Dmh4aSxMyX4
Circle With Me Spiritbox,https://www.youtube.com/watch?v=I0WzT0OJ-E0
Reckless Demon Youth Dream Drop,https://www.youtube.com/watch?v=i7XICHgbFQU
Brand New Numb Motionless In White,https://www.youtube.com/watch?v=RxgOFdJYjXo
Strong Reflection Mars Red Sky,https://www.youtube.com/watch?v=Wmd9BjnyLII
There's No Right Way to Say This.... To Kill Achilles,https://www.youtube.com/watch?v=4TjsAsV4KgQ
Night Rider Hellryder,https://www.youtube.com/watch?v=8CBdT9wO9VQ
The Four Horsemen - Remastered Metallica,https://www.youtube.com/watch?v=WvsY1xslLts
Ancestral Recall Emma Ruth Rundle,https://www.youtube.com/watch?v=liVnl2gIdhs
A Bird and Its Feathers Palm Reader,https://www.youtube.com/watch?v=kJ7zfwdF3sI
Shadow Moses Bring Me The Horizon,https://www.youtube.com/watch?v=-k9qDxyxS3s
My Time Exhorder,https://www.youtube.com/watch?v=yUdzQ3pxaiM
Catastrophe Atreyu,https://www.youtube.com/watch?v=BzKakYP-qvw
Vote of No Confidence Primal Fear,https://www.youtube.com/watch?v=hbIqe-Axro8
Take A Look Around Limp Bizkit,https://www.youtube.com/watch?v=HtPL2YhK6h0
Deeper Vulture Industries,https://www.youtube.com/watch?v=zSz3BIUrjT4
Strong Amaranthe,https://www.youtube.com/watch?v=59Ny29nNh2A
Divine Apprehension Power Trip,https://www.youtube.com/watch?v=HJ1ZeZX-_co
On the Floor En Minor,https://www.youtube.com/watch?v=k_d05Tlhd9s
Halo Machine Head,https://www.youtube.com/watch?v=ZcibSVfwsYM
Desert Ways Critical Defiance,https://www.youtube.com/watch?v=tJLtQwSaGnk
I Don't Believe In Love - Remastered 2003 Queensrÿche,https://www.youtube.com/watch?v=_It_k1Ftj1I
More Human Than Human White Zombie,https://www.youtube.com/watch?v=E0E0ynyIUsg
Through the Depths (Single Edit) Vokonis,https://www.youtube.com/watch?v=RV-AxXFn_3E
Forged in Metal Manimal,https://www.youtube.com/watch?v=Ol0Lj8SHCHc
Davidian Machine Head,https://www.youtube.com/watch?v=Qf0yWQzz0gM
Uranus (feat. Michael Starr) NanowaR of Steel,https://www.youtube.com/watch?v=OSWszdSHkyE
Nemo Nightwish,https://www.youtube.com/watch?v=kIBdpFJyFkc
Wither Together to the Stars,https://www.youtube.com/watch?v=0sXla_kgF8g
California Dreaming Hollywood Undead,https://www.youtube.com/watch?v=jjjaU5kQV8k
Cirice Ghost,https://www.youtube.com/watch?v=-0Ao4t_fe0I
Lullaby Cynik Scald,https://www.youtube.com/watch?v=l-nOYo0M20A
Legendary (feat. Brandon Saller of Atreyu) Hyro The Hero,https://www.youtube.com/watch?v=jQdOPRT-KIU
Wolverine Blues Entombed,https://www.youtube.com/watch?v=uNi0tsCU-6g
The Day That Never Comes Metallica,https://www.youtube.com/watch?v=dkNfNR1WYMY
Asleep Reason Horror Parazit,https://www.youtube.com/watch?v=r_iwPQ6Fd4Q
Strutter KISS,https://www.youtube.com/watch?v=1DDus_S-Tr4
Longclaw Earth Eater,https://www.youtube.com/watch?v=PhMjpc9AUPU
You Wouldn't Know HELLYEAH,https://www.youtube.com/watch?v=FkbVHZB6TqY
Closer Nine Inch Nails,https://www.youtube.com/watch?v=ccY25Cb3im0
Fake It Fear Culture,https://www.youtube.com/watch?v=P1TtFygCSBs
The Accursed Born Of Osiris,https://www.youtube.com/watch?v=IHlZOcVW2SI
Cure 4 Psycho RedHook,https://www.youtube.com/watch?v=lBOcjmtC4Sg
Mouth of Madness Heart Of A Coward,https://www.youtube.com/watch?v=txlaGGmc4gM
Last Breath of Yggdrasil Naglfar,https://www.youtube.com/watch?v=32DNMcqr11o
Queens of Terror Fabio Rock,https://www.youtube.com/watch?v=0qcQCe_kUf8
Overthrow Veil Of Maya,https://www.youtube.com/watch?v=GLu-E42-RmA
Vallåt Kaunan,https://www.youtube.com/watch?v=5aKl4NoVwzo
Starlight Imperia,https://www.youtube.com/watch?v=yL0dg_38O5Y
FREEDOM Crossfaith,https://www.youtube.com/watch?v=VYWbnIPbnJo
Hey Joe Body Count,https://www.youtube.com/watch?v=2ZKkCH5jrSM
Waitin' Guilty The Black Crowes,https://www.youtube.com/watch?v=SvL9IeKlOg8
Death from Above Black Orchid Empire,https://www.youtube.com/watch?v=ah5dlcLWIvo
Fly from the Inside Shinedown,https://www.youtube.com/watch?v=qzup2yBRXOQ
Voices Octopus Montage,https://www.youtube.com/watch?v=1txqbTcjx6E
Arcana Imperii Ihsahn,https://www.youtube.com/watch?v=7Ou6oGFBJsg
G.O.A.T. Polyphia,https://www.youtube.com/watch?v=9_gkpYORQLU
Enough Isn't Enough Deathbeds AU,https://www.youtube.com/watch?v=9tmQyYeqNno
Unholy Confessions Avenged Sevenfold,https://www.youtube.com/watch?v=I-QaFWURsMU
It's A Raid (feat. Post Malone) Ozzy Osbourne,https://www.youtube.com/watch?v=DsspfsPHZl4
I Can't Breathe Zeal & Ardor,https://www.youtube.com/watch?v=wAd33PugSmU
My Demon Stitched Up Heart,https://www.youtube.com/watch?v=SKn-fXBQUX0
Mudshovel Staind,https://www.youtube.com/watch?v=FuAC9YIC2Bs
Eruption - 2015 Remaster Van Halen,https://www.youtube.com/watch?v=M4Czx8EWXb0
Final Tale Ghost Iris,https://www.youtube.com/watch?v=llLiDZ3myFM
Night of the Witch Testament,https://www.youtube.com/watch?v=cF2hIrXq2ss
Wuthering Heights Angra,https://www.youtube.com/watch?v=SMiKO-r1smg
The Best Is yet to Come Accept,https://www.youtube.com/watch?v=VSHKPGI3fBc
Picayune - Instrumental Satyr,https://www.youtube.com/watch?v=w_t8sxApn0Q
Forever Code Orange,https://www.youtube.com/watch?v=dZ9JVxQVQy4
Northern Chaos Gods Immortal,https://www.youtube.com/watch?v=ntINU0S-xi0
"Fire, Walk with Me Harakiri for the Sky",https://www.youtube.com/watch?v=ryZV1VnGX7Y
Reida Danheim,https://www.youtube.com/watch?v=Qjmp2r2OsZ4
Supernova Andromida,https://www.youtube.com/watch?v=EagmnISR4VE
Spiders System Of A Down,https://www.youtube.com/watch?v=SqZNMvIEHhs
Death March CABAL,https://www.youtube.com/watch?v=Osltk8uoM5s
On the Inside As Everything Unfolds,https://www.youtube.com/watch?v=ZIR9QXRmzAY
The Veil Avalanche Effect,https://www.youtube.com/watch?v=O8ogh16Cysw
We Drink Your Blood Powerwolf,https://www.youtube.com/watch?v=GpxFUo7oxWM
Sleight of Hand Softspoken,https://www.youtube.com/watch?v=N3p63-_hqfA
Valhöll Trapdoor,https://www.youtube.com/watch?v=DRCpmO986h8
Hard Luck Woman KISS,https://www.youtube.com/watch?v=GUFuJQATLZA
Iron Swan The Sword,https://www.youtube.com/watch?v=GTYrAF0wi8g
"Well, Everybody's Fucking In A U.F.O. Rob Zombie",https://www.youtube.com/watch?v=csUf0MAUIs4
Meet Me In Fire [Feat. Andy Biersack] Maria Brink,https://www.youtube.com/watch?v=KaWRD4TkuXc
Get Naked Methods of Mayhem,https://www.youtube.com/watch?v=hqgVYX3zhug
Demure Shrezzers,https://www.youtube.com/watch?v=pJ7Qxl-G9Kc
The Moment BRIDEAR,https://www.youtube.com/watch?v=45VtURkZa2c
Desert Cold Snowy Dunes,https://www.youtube.com/watch?v=ZL_kQfLNTB8
Sanctuary Wolf King,https://www.youtube.com/watch?v=qNQNrN4zUI8
Blood of the Titans Dawn Of Ashes,https://www.youtube.com/watch?v=S20D_AC6m78
You Weep Prestige,https://www.youtube.com/watch?v=RcNyHRTDvwI
My Twin Katatonia,https://www.youtube.com/watch?v=nH45PdkXF9I
Red Mist From Sorrow To Serenity,https://www.youtube.com/watch?v=9NggW0NUG2g
Desert Cruiser Truckfighters,https://www.youtube.com/watch?v=JLMPA4xPFpg
Fire in the Hole Laaz Rockit,https://www.youtube.com/watch?v=yMeD9F_BeMo
666 Voices Inside Dark Funeral,https://www.youtube.com/watch?v=yC3mZwRRvps
The Fire and the Sinner Timo Tolkki’s Avalon,https://www.youtube.com/watch?v=3wc5L9s4KtQ
Outsider God Creation (O.G.C) Tulkas,https://www.youtube.com/watch?v=MjMG0zCi0xs
Vision 2020 Vision Die Krupps,https://www.youtube.com/watch?v=7zxUZ2c47Dw
Sad But True The HU,https://www.youtube.com/watch?v=QpxA_ZxGX_M
Live Wire Mötley Crüe,https://www.youtube.com/watch?v=Ahq4blDfU5s
Saddam A GoGo Gwar,https://www.youtube.com/watch?v=p20PijYVgG4
Skills in Pills Lindemann,https://www.youtube.com/watch?v=jzEA6hkIqpk
House of Glass ERRA,https://www.youtube.com/watch?v=VQJFaL6hqF4
White Jeans The Night Flight Orchestra,https://www.youtube.com/watch?v=rhkllJN3SUk
Linchpin Fear Factory,https://www.youtube.com/watch?v=MuDxo-fbW9c
Atomic Chapel 1349,https://www.youtube.com/watch?v=wgaqf1O-8w4
From the Flame Leprous,https://www.youtube.com/watch?v=FZSlX1zXnfM
Rise Up Full Frontal Lobotomy,https://www.youtube.com/watch?v=jkyp2GJDPnI
Renegades - A Lost Generation Equilibrium,https://www.youtube.com/watch?v=_vgRnxTJw5o
Play Along Coat Of Arms,https://www.youtube.com/watch?v=5tQCzAhlt9c
The Temple Of The King Rainbow,https://www.youtube.com/watch?v=B7nKzCRL_oo
Powertrip Monster Magnet,https://www.youtube.com/watch?v=jE7Zv6d-HUA
Thoughts and Prayers Heaven Shall Burn,https://www.youtube.com/watch?v=xdXI3UANRG8
Scarred Sakoya,https://www.youtube.com/watch?v=kYESvO6QVCA
My Disintegration Celldweller,https://www.youtube.com/watch?v=VnuD4ZWGff0
Make Me Suffer Spike 1000,https://www.youtube.com/watch?v=7XctcSyA_uQ
Bad News Sumo Cyco,https://www.youtube.com/watch?v=MW2fWXQHzz4
Dark Medieval Times Satyricon,https://www.youtube.com/watch?v=ff_uv337yIE
Demon King Brand of Sacrifice,https://www.youtube.com/watch?v=s2mnUa_Fz0U
The Pallbearer Walks Alone The Dark Element,https://www.youtube.com/watch?v=pIdBinlW40E
Detox Strapping Young Lad,https://www.youtube.com/watch?v=3f20L0msLsM
Shotgun Prophecy Wake up Frankie,https://www.youtube.com/watch?v=sfPCgQR4fPs
Only Apathy LASTELLE,https://www.youtube.com/watch?v=gw15OahZxf8
Preachers of Death The Haunted,https://www.youtube.com/watch?v=UePeYXK0ISY
Princess of the Night - 2009 Remastered Version Saxon,https://www.youtube.com/watch?v=dcpcS7Kt6Y4
Forged By Neron Mastodon,https://www.youtube.com/watch?v=-nYaZb1b_sc
Noose Sentenced,https://www.youtube.com/watch?v=UzWhK9aBSbE
When A Blind Man Cries - Non Album B-Side;2012 - Remaster Deep Purple,https://www.youtube.com/watch?v=ZLJ8XO7pBu4
Rise - Kenny Leckremo Version H.E.A.T,https://www.youtube.com/watch?v=OPEG3uzJSeA
Maha-Kali Dissection,https://www.youtube.com/watch?v=Hp6tL_0OAYc
Mr. Crowley Ozzy Osbourne,https://www.youtube.com/watch?v=G3LvhdFEOqs
The Rivers of Sand and Blood Etherius,https://www.youtube.com/watch?v=Xz32E4X-dXs
Purple Rain Inter Arma,https://www.youtube.com/watch?v=TpmFlycuKgM
Earthless Humanity's Last Breath,https://www.youtube.com/watch?v=q2UpP10V-6U
Bring The Noise Anthrax,https://www.youtube.com/watch?v=kl1hgXfX5-U
All Mosh / No Brain Insanity Alert,https://www.youtube.com/watch?v=BBN3dpzKniQ
Scars Fates Warning,https://www.youtube.com/watch?v=9hnmxOUBD-I
Terminator Oscillator Static-X,https://www.youtube.com/watch?v=UFwmWF0bbQs
Metal Heart Accept,https://www.youtube.com/watch?v=g1HOE3FIQ7w
Shut Down Your Soul Julien-K,https://www.youtube.com/watch?v=-F577GYLmI0
Mere Shadow Semblant,https://www.youtube.com/watch?v=QvXav_mrde4
N.W.O. Ministry,https://www.youtube.com/watch?v=imqvLToWH7k
Welcome to Bucketheadland Buckethead,https://www.youtube.com/watch?v=f527xaP5f8w
Cafo Animals As Leaders,https://www.youtube.com/watch?v=q0ZrF7taMHA
Show Yourself Mastodon,https://www.youtube.com/watch?v=gUGda7GdZPQ
Necrogenic Resurrection Cannibal Corpse,https://www.youtube.com/watch?v=lxrmQZUFf3Q
Feel Your Weight Wither,https://www.youtube.com/watch?v=dBV5a-2VfB8
Before I Forget Slipknot,https://www.youtube.com/watch?v=qw2LU1yS7aw
"Get Out! Now! (feat. Tom Baker, Dee Snider, Marcela Bovio, Caroline Westendorp, Joe Satriani, Joost van den Broek) Ayreon",https://www.youtube.com/watch?v=dq9sGlaErcU
New Disease Spineshank,https://www.youtube.com/watch?v=A-TO-L1Escc
Cerberus Ola Englund,https://www.youtube.com/watch?v=KFv6F0R8rUE
Sinners Hymn Orianthi,https://www.youtube.com/watch?v=QGgJfiotuQk
Iron Tusk Mastodon,https://www.youtube.com/watch?v=U__QulYyo0E
Scars In The Landscape Of God Abigor,https://www.youtube.com/watch?v=Hefa4dFj3t4
Ymir Danheim,https://www.youtube.com/watch?v=PskDLbP1x1o
Metamorph Oceans Ate Alaska,https://www.youtube.com/watch?v=tZnm9kGsa9g
Bodies Drowning Pool,https://www.youtube.com/watch?v=04F4xlWSFh0
Rigged NOTHX,https://www.youtube.com/watch?v=0EKxn5ojIys
Sway Coal Chamber,https://www.youtube.com/watch?v=4stTX7rmAFY
START A FIGHT GHØSTKID,https://www.youtube.com/watch?v=XJbCnkFv0H4
Dark Incarnation (Mother of the Night) Helstar,https://www.youtube.com/watch?v=lss0illBggk
Lempo Korpiklaani,https://www.youtube.com/watch?v=GWCowljfU0s
Psycho Thrilling Sister,https://www.youtube.com/watch?v=Q_OXmsWkMmE
Waste Away Speaking With Ghosts,https://www.youtube.com/watch?v=y4VjpgbYKCs
Tell All From Sorrow To Serenity,https://www.youtube.com/watch?v=jgy0VeRyXvE
The Infernal Depths of Eternity Necrophobic,https://www.youtube.com/watch?v=CGOJO986roE
Eyes Of A Panther Steel Panther,https://www.youtube.com/watch?v=r6jIXtJy4oM
Self Medicated Until I Wake,https://www.youtube.com/watch?v=D2RiekK_hP8
Cemetery Gates Pantera,https://www.youtube.com/watch?v=RVMvART9kb8
All Out Life Slipknot,https://www.youtube.com/watch?v=wLoYIBEZEfw
Heavy Feather - Instrumental Aviana,https://www.youtube.com/watch?v=3-sjA1z13MY
Fuel Metallica,https://www.youtube.com/watch?v=PvF9PAxe5Ng
Storm Son Enslaved,https://www.youtube.com/watch?v=GRlhMyXmTYQ
Dracula Mystic Prophecy,https://www.youtube.com/watch?v=ZRmBu92zQA0
Chop Suey! August Burns Red,https://www.youtube.com/watch?v=TC527_cy5JE
"Hate the Player, Not the Game Galleons",https://www.youtube.com/watch?v=YK9ai1Jv-5E
Winds Of Slaughter Shrapnel,https://www.youtube.com/watch?v=aCPYHfC_HnY
"Maybe It’s Time (feat. Corey Taylor, Joe Elliott, Brantley Gilbert, Ivan Moody, Slash, AWOLNATION, Tommy Vext) Sixx:A.M.",https://www.youtube.com/watch?v=A9LKBhktTAM
Fuck Everything Death Blooms,https://www.youtube.com/watch?v=t3ZR-gkX7VE
Lift Me Up (feat. Rob Halford of Judas Priest) Five Finger Death Punch,https://www.youtube.com/watch?v=X-2yuGgp_U8
Chatterbox Indigo Storm,https://www.youtube.com/watch?v=FqrCcHafVBE
S E X Aesthetic Perfection,https://www.youtube.com/watch?v=J49vw4_TYvE
Onenemy - Fury Weekend Remix Circle of Dust,https://www.youtube.com/watch?v=bFHobc424SE
Come Back to Life Lock The Basement,https://www.youtube.com/watch?v=0aECv5jonGQ
Sick of You Gwar,https://www.youtube.com/watch?v=Dbnm-0r3suM
Mr. Magic Reliqa,https://www.youtube.com/watch?v=NHSNHHCFapA
Oroborus Gojira,https://www.youtube.com/watch?v=2o_MPASoLC4
Le Triomphe de Lucifer Seth,https://www.youtube.com/watch?v=8vhxQe2Bh7Y
Pointless Tale Marianas Rest,https://www.youtube.com/watch?v=7SKdpS_-68U
The Ungrounding Earthside,https://www.youtube.com/watch?v=7XcLneUnYv8
Got The Time Anthrax,https://www.youtube.com/watch?v=be7iNHw8QoQ
Pictures Of Home Black Label Society,https://www.youtube.com/watch?v=2E7N4lyMUV8
The Séance Blackbriar,https://www.youtube.com/watch?v=eP6xn8kZTeg
Ascending Long Distance Calling,https://www.youtube.com/watch?v=PU7WE1XejEk
Wilting in the Light Light The Torch,https://www.youtube.com/watch?v=p61YGaugy_Y
I Will Return Earth Caller,https://www.youtube.com/watch?v=oYj_mr-k_KE
Louder Than Hell Mono Inc.,https://www.youtube.com/watch?v=hv1tJRFEpoU
Lights Out Car Bomb,https://www.youtube.com/watch?v=DqiVp0Nx5I4
Charger Sergey Golovin,https://www.youtube.com/watch?v=PMkKudHOr1o
The Dope Show Marilyn Manson,https://www.youtube.com/watch?v=5R682M3ZEyk
Manchester Super Reds No.1 Fan DON BROCO,https://www.youtube.com/watch?v=TL_gq84CRpo
Heaven's a Lie Lacuna Coil,https://www.youtube.com/watch?v=4wfRHPsRGkk
Kid Forever Show Me Your Universe,https://www.youtube.com/watch?v=iC7ssaEstfg
Parallel Kingdom Fleshkiller,https://www.youtube.com/watch?v=OUkilN_kKrQ
Teeth Convictions,https://www.youtube.com/watch?v=BXT0wKPL8po
Creeping Death Stone Sour,https://www.youtube.com/watch?v=3HFaUoulmx4
Your Misery Archetypes Collide,https://www.youtube.com/watch?v=Ja3Ine3vtrs
Eternal Wheel Of Time And Space Noora Louhimo Experience,https://www.youtube.com/watch?v=JSNiUe75MgM
With You IMMERSE,https://www.youtube.com/watch?v=dMaeyJPkjmw
Section I We Were Giants,https://www.youtube.com/watch?v=9WV5d9iUOXM
The American Way Sacred Reich,https://www.youtube.com/watch?v=A0SMz0NTF58
Wanderlust Arch/Matheos,https://www.youtube.com/watch?v=WD3ip2__tZc
Drowning in the Sound Trivium,https://www.youtube.com/watch?v=JJ90WGZ7AXk
Havenless Enslaved,https://www.youtube.com/watch?v=sWyfnp-ghaE
Chaos Louisahhh,https://www.youtube.com/watch?v=uHXCRqVcN3o
Martyrs Soen,https://www.youtube.com/watch?v=sh92nGMaEVg
Faith Limp Bizkit,https://www.youtube.com/watch?v=l-EdCNjumvI
Suicide Messiah Black Label Society,https://www.youtube.com/watch?v=LIkJ2SQZo9c
Ye Entrancemperium Emperor,https://www.youtube.com/watch?v=uoHd0XdPK8A
Angel Or Alien Born Of Osiris,https://www.youtube.com/watch?v=8rvZSm2dXMg
End Stain the Canvas,https://www.youtube.com/watch?v=hzzK23zZbgA
The Bard's Song - In the Forest - Remastered 2007 Blind Guardian,https://www.youtube.com/watch?v=TMSx95iU-yQ
Breaking Me Down Soil,https://www.youtube.com/watch?v=NjSSFfX0EHk
Blind Kings Chelsea Grin,https://www.youtube.com/watch?v=a0rE03gjIGI
Lonely Day System Of A Down,https://www.youtube.com/watch?v=DnGdoEa1tPg
It's All Hate Outloved,https://www.youtube.com/watch?v=ZkDIHkf_kuo
Grótti SKÁLD,https://www.youtube.com/watch?v=-le76r_bKfE
Ephemeral Afterglow,https://www.youtube.com/watch?v=yZRI9t47AFo
The Devil's Bleeding Crown Volbeat,https://www.youtube.com/watch?v=3nb7DD7vdQ0
We Are Nøt Okay Oceans,https://www.youtube.com/watch?v=g6A4yCf2Q1A
The Devil Went Down to Georgia Korn,https://www.youtube.com/watch?v=SFAukpQRhtA
"To Ride, Shoot Straight and Speak the Truth Entombed",https://www.youtube.com/watch?v=tU74gImrd1c
Crash and Burn Violet Nine,https://www.youtube.com/watch?v=TCmb-xQfFtQ
From the Cradle to Enslave Cradle Of Filth,https://www.youtube.com/watch?v=yZMGFRTg-BM
Rip & Tear Mick Gordon,https://www.youtube.com/watch?v=zZMg9ryeWOw
Dragonaut Sleep,https://www.youtube.com/watch?v=qMIS2BaDilY
Dream Sequence Circles,https://www.youtube.com/watch?v=zwnGQx8fyCE
Just So You Know American Head Charge,https://www.youtube.com/watch?v=jIibR7M9uZ4
Chauvinist Levels,https://www.youtube.com/watch?v=h5FE8VHNULo
Our Truth Lacuna Coil,https://www.youtube.com/watch?v=SB9LXpO6yWo
Cinnamon Girl Type O Negative,https://www.youtube.com/watch?v=BO9aD4mzSE8
Door to Life (2017) Seas on the Moon,https://www.youtube.com/watch?v=OImyMdRXaaI
Calling Taproot,https://www.youtube.com/watch?v=2ndgNP3C-2g
Bloodwork 36 Crazyfists,https://www.youtube.com/watch?v=aLVsdIE832c
The Worst of Us QuietKind,https://www.youtube.com/watch?v=It66z9WfFig
Rooster Howling Giant,https://www.youtube.com/watch?v=E4z3b-KXoLk
Living Room David Maxim Micic,https://www.youtube.com/watch?v=Ix2H5te3eeM
Wasted Years - 1998 Remaster Iron Maiden,https://www.youtube.com/watch?v=ht6xAMil8oU
Blackout - 2015 Remaster Scorpions,https://www.youtube.com/watch?v=qGPT1kfaSEs
In Waves Trivium,https://www.youtube.com/watch?v=0Xfvk028Kv0
Your Betrayal Bullet For My Valentine,https://www.youtube.com/watch?v=IHgFJEJgUrg
Abyss Unleash The Archers,https://www.youtube.com/watch?v=1bGmjnkDTTI
Some Kind Of Monster Metallica,https://www.youtube.com/watch?v=lyodOpUxgHA
Quintessence Darkthrone,https://www.youtube.com/watch?v=QIf2GgA1rGc
Beg To Differ Prong,https://www.youtube.com/watch?v=4x6R99V-iHA
My Nightmares Would Do Numbers As Horror Movies If I Die First,https://www.youtube.com/watch?v=t40OZK35O_g
Rebel (feat. Lzzy Hale) The Picturebooks,https://www.youtube.com/watch?v=lftJu1W8UMk
I Don't Know You ODC,https://www.youtube.com/watch?v=wnv3PTigCLI
The Secrets of the Black Arts Dark Funeral,https://www.youtube.com/watch?v=iNgDYjEca1Q
Pneuma TOOL,https://www.youtube.com/watch?v=5ClCaPmAA7s
Wucan Black Mountain,https://www.youtube.com/watch?v=8upxRhff7cE
